Sequence;ELA(N);Pop;Parent;Angles;Ann(N);Parameters Global;Eff Success;Eff Fail;Rig Success;Rig Fail;Rig Max; Rig Neightbors;Rig Neightbors Expression;Start;End;Time;Avarage Duration;Avarage Energy;Minimum Energy;Minimum Angles
1AGT(38);200;200;1;2;200;true;+2;-0.000001;+1;-0.00001;10;1;(5-n)/4;1397497626600;1397497635117;8.517;2.839;-11.046398407270184;-14.06571275379112;-5.12, -0.83, 0.02, 1.99, 0.02, 8.21, -1.08, 0.05, 1.08, -6.16, -0.11, 1.89, -0.04, -0.24, 4.35, -1, 0.51, 0.06, 0.01, 5.85, 1.87, -0.2, 5.9, -17.53, -0.72, 1.8, 1.18, -19.34, -6.65, -6.01, -19.72, -14.46, -4.41, 0.12, 1.98, -1.71, -9.56
1AGT(38);200;200;1;2;200;true;+2;-0.000001;+1;-0.00001;10;2;(5-n)/4;1397497635238;1397497643702;8.464;2.821;-12.666185142689885;-13.97311920050755;4.32, 5.28, -0.49, 0.8, 0, -4.36, 0, 0, 0, 1.83, -0.03, 6.3, 0.03, -0.23, 16.92, 5.25, 0.89, 1.33, -4.89, -0.11, 10.64, 32.01, -0.14, 6.08, -0.14, -4.34, -5.69, 0.95, -6.19, 5.96, 0.23, -0.33, 10.64, 0.44, 10.63, 0.16, 6.21